--
-- PostgreSQL database dump
--

-- Dumped from database version 9.1.3
-- Dumped by pg_dump version 9.1.3
-- Started on 2013-04-22 08:45:05

SET statement_timeout = 0;
SET client_encoding = 'UTF8';
SET standard_conforming_strings = on;
SET check_function_bodies = false;
SET client_min_messages = warning;

--
-- TOC entry 168 (class 3079 OID 11639)
-- Name: plpgsql; Type: EXTENSION; Schema: -; Owner: 
--

CREATE EXTENSION IF NOT EXISTS plpgsql WITH SCHEMA pg_catalog;


--
-- TOC entry 1890 (class 0 OID 0)
-- Dependencies: 168
-- Name: EXTENSION plpgsql; Type: COMMENT; Schema: -; Owner: 
--

COMMENT ON EXTENSION plpgsql IS 'PL/pgSQL procedural language';


SET search_path = public, pg_catalog;

SET default_tablespace = '';

SET default_with_oids = false;

--
-- TOC entry 163 (class 1259 OID 99095)
-- Dependencies: 5
-- Name: cliente; Type: TABLE; Schema: public; Owner: postgres; Tablespace: 
--

CREATE TABLE cliente (
    "nombre-cliente" character varying(30) NOT NULL,
    "calle-cliente" character varying(40),
    "ciudad-cliente" character varying(30)
);


ALTER TABLE public.cliente OWNER TO postgres;

--
-- TOC entry 161 (class 1259 OID 99083)
-- Dependencies: 5
-- Name: cuenta; Type: TABLE; Schema: public; Owner: postgres; Tablespace: 
--

CREATE TABLE cuenta (
    "numero-cuenta" character(5) NOT NULL,
    "nombre-sucursal" character varying(30),
    saldo real
);


ALTER TABLE public.cuenta OWNER TO postgres;

--
-- TOC entry 164 (class 1259 OID 99098)
-- Dependencies: 5
-- Name: impositor; Type: TABLE; Schema: public; Owner: postgres; Tablespace: 
--

CREATE TABLE impositor (
    "nombre-cliente" character varying(30),
    "numero-cuenta" character(5)
);


ALTER TABLE public.impositor OWNER TO postgres;

--
-- TOC entry 165 (class 1259 OID 99101)
-- Dependencies: 5
-- Name: prestamo; Type: TABLE; Schema: public; Owner: postgres; Tablespace: 
--

CREATE TABLE prestamo (
    "numero-prestamo" character(4),
    "nombre-sucursal" character varying(30),
    importe numeric(10,2)
);


ALTER TABLE public.prestamo OWNER TO postgres;

--
-- TOC entry 166 (class 1259 OID 99104)
-- Dependencies: 5
-- Name: prestatario; Type: TABLE; Schema: public; Owner: postgres; Tablespace: 
--

CREATE TABLE prestatario (
    "nombre-cliente" character varying(30),
    "numero-prestamo" character(4)
);


ALTER TABLE public.prestatario OWNER TO postgres;

--
-- TOC entry 167 (class 1259 OID 99107)
-- Dependencies: 5
-- Name: responsable-prestamo; Type: TABLE; Schema: public; Owner: postgres; Tablespace: 
--

CREATE TABLE "responsable-prestamo" (
    "nombre-cliente" character varying(30),
    "nombre-responsable" character varying(30),
    "numero-prestamo" character(4)
);


ALTER TABLE public."responsable-prestamo" OWNER TO postgres;

--
-- TOC entry 162 (class 1259 OID 99092)
-- Dependencies: 5
-- Name: sucursal; Type: TABLE; Schema: public; Owner: postgres; Tablespace: 
--

CREATE TABLE sucursal (
    "nombre-sucursal" character varying(30) NOT NULL,
    "ciudad-sucursal" character varying(20),
    activos numeric(14,2)
);


ALTER TABLE public.sucursal OWNER TO postgres;

--
-- TOC entry 1880 (class 0 OID 99095)
-- Dependencies: 163
-- Data for Name: cliente; Type: TABLE DATA; Schema: public; Owner: postgres
--

COPY cliente ("nombre-cliente", "calle-cliente", "ciudad-cliente") FROM stdin;
ANGELES	MAYOR	HUANCAYO
ASTUDILLO	CHIVAY	AREQUIPA
BARBARAN	INSURGENTES	HUANCAYO
FERNANDEZ	EMBAJADORES	CHICLAYO
GOMEZ	VALLEJO	TRUJILLO
GONZALES	ARENALES	ICA
LOPEZ	HUASCARAN	HUARAZ
PEREZ	VALLEJO	TRUJILLO
RODRIGUEZ	BAÑOS DEL INCA	CAJAMARCA
RUPAY	REQUE	CHICLAYO
SANTOS	VIÑEDOS	CHINCHA
VALDIVIESO	SANTIAGO DE CHUCO	TRUJILLO
GUERRERO	MARISCAL CASTILLA	HUACHO
RIVERA	HUANDOY	HUARAZ
\.


--
-- TOC entry 1878 (class 0 OID 99083)
-- Dependencies: 161
-- Data for Name: cuenta; Type: TABLE DATA; Schema: public; Owner: postgres
--

COPY cuenta ("numero-cuenta", "nombre-sucursal", saldo) FROM stdin;
C-101	DERECHA	500
C-102	SAN ANTONIO	400
C-201	IZQUIERDA	900
C-215	HABICH	700
C-217	IZQUIERDA	750
C-222	28 DE JULIO	700
C-305	ANGAMOS	350
C-306	HUASCARAN	1500
\.


--
-- TOC entry 1881 (class 0 OID 99098)
-- Dependencies: 164
-- Data for Name: impositor; Type: TABLE DATA; Schema: public; Owner: postgres
--

COPY impositor ("nombre-cliente", "numero-cuenta") FROM stdin;
ANGELES	C-305
GOMEZ	C-215
GONZALES	C-101
GONZALES	C-201
LOPEZ	C-102
RUPAY	C-222
SANTOS	C-217
LOPEZ	C-306
\.


--
-- TOC entry 1882 (class 0 OID 99101)
-- Dependencies: 165
-- Data for Name: prestamo; Type: TABLE DATA; Schema: public; Owner: postgres
--

COPY prestamo ("numero-prestamo", "nombre-sucursal", importe) FROM stdin;
P-11	ANGAMOS	900.00
P-14	DERECHA	1500.00
P-15	SAN ANTONIO	1500.00
P-16	SAN ANTONIO	1300.00
P-17	DERECHA	1000.00
P-23	28 DE JULIO	2000.00
P-93	HABICH	500.00
P-94	HUASCARAN	\N
\.


--
-- TOC entry 1883 (class 0 OID 99104)
-- Dependencies: 166
-- Data for Name: prestatario; Type: TABLE DATA; Schema: public; Owner: postgres
--

COPY prestatario ("nombre-cliente", "numero-prestamo") FROM stdin;
FERNANDEZ	P-16
GOMEZ	P-11
GOMEZ	P-23
LOPEZ	P-15
PEREZ	P-93
SANTOS	P-17
SOTELO	P-14
VALDIVIESO	P-17
\.


--
-- TOC entry 1884 (class 0 OID 99107)
-- Dependencies: 167
-- Data for Name: responsable-prestamo; Type: TABLE DATA; Schema: public; Owner: postgres
--

COPY "responsable-prestamo" ("nombre-cliente", "nombre-responsable", "numero-prestamo") FROM stdin;
\.


--
-- TOC entry 1879 (class 0 OID 99092)
-- Dependencies: 162
-- Data for Name: sucursal; Type: TABLE DATA; Schema: public; Owner: postgres
--

COPY sucursal ("nombre-sucursal", "ciudad-sucursal", activos) FROM stdin;
HABICH	LIMA	400000.00
DERECHA	HUARAL	9000000.00
ANGAMOS	LIMA	8000000.00
IZQUIERDA	HUARAL	7100000.00
28 DE JULIO	HUACHO	2100000.00
SAN ANTONIO	CUSCO	1700000.00
ALCAZAR	LIMA	300000.00
SUCRE	AREQUIPA	3700000.00
RAZURI	TRUJILLO	9500000.00
LARCO	LIMA	8700000.00
HUASCARAN	HUARAZ	5700000.00
\.


--
-- TOC entry 1871 (class 2606 OID 99111)
-- Dependencies: 161 161
-- Name: cons_01; Type: CONSTRAINT; Schema: public; Owner: postgres; Tablespace: 
--

ALTER TABLE ONLY cuenta
    ADD CONSTRAINT cons_01 PRIMARY KEY ("numero-cuenta");


--
-- TOC entry 1873 (class 2606 OID 99113)
-- Dependencies: 162 162
-- Name: cons_02; Type: CONSTRAINT; Schema: public; Owner: postgres; Tablespace: 
--

ALTER TABLE ONLY sucursal
    ADD CONSTRAINT cons_02 PRIMARY KEY ("nombre-sucursal");


--
-- TOC entry 1875 (class 2606 OID 99115)
-- Dependencies: 163 163
-- Name: cons_03; Type: CONSTRAINT; Schema: public; Owner: postgres; Tablespace: 
--

ALTER TABLE ONLY cliente
    ADD CONSTRAINT cons_03 PRIMARY KEY ("nombre-cliente");


--
-- TOC entry 1877 (class 2606 OID 99121)
-- Dependencies: 162 165 1872
-- Name: cons04; Type: FK CONSTRAINT; Schema: public; Owner: postgres
--

ALTER TABLE ONLY prestamo
    ADD CONSTRAINT cons04 FOREIGN KEY ("nombre-sucursal") REFERENCES sucursal("nombre-sucursal");


--
-- TOC entry 1876 (class 2606 OID 99116)
-- Dependencies: 1872 162 161
-- Name: cons_03; Type: FK CONSTRAINT; Schema: public; Owner: postgres
--

ALTER TABLE ONLY cuenta
    ADD CONSTRAINT cons_03 FOREIGN KEY ("nombre-sucursal") REFERENCES sucursal("nombre-sucursal");


--
-- TOC entry 1889 (class 0 OID 0)
-- Dependencies: 5
-- Name: public; Type: ACL; Schema: -; Owner: postgres
--

REVOKE ALL ON SCHEMA public FROM PUBLIC;
REVOKE ALL ON SCHEMA public FROM postgres;
GRANT ALL ON SCHEMA public TO postgres;
GRANT ALL ON SCHEMA public TO PUBLIC;


-- Completed on 2013-04-22 08:45:06

--
-- PostgreSQL database dump complete
--

